url,title
https://ljktx.dbw.cn/wmlbo,"网媒联播-东北网"
https://ljktx.dbw.cn/redjj,"热点聚焦-东北网"
https://ljktx.dbw.cn/gjixw,"国际新闻-东北网"
https://ljktx.dbw.cn/ljtime,"龙江时间-东北网"
https://ljktx.dbw.cn/lxwm,"联系我们-东北网"
https://ljktx.dbw.cn/jbruk,"举报入口-东北网"
https://ljktx.dbw.cn/szyw,"时政要闻-东北网"
https://manage.dbw.cn/copyright,"403 Forbidden"
https://special.dbw.cn/qmt,""
https://search.dbw.cn/m_fullsearch,""
https://auto.dbw.cn/xcbg,""
https://auto.dbw.cn/manual,""
https://auto.dbw.cn/maintain,""
https://auto.dbw.cn/culture,""
http://manage.dbw.cn/copyright,""
http://advertisement.dbw.cn/service,""