url,reason
http://manage.dbw.cn/copyright/dbw_Contacts.shtml,超过最大重试次数
http://advertisement.dbw.cn/service/index.shtml,超过最大重试次数
http://manage.dbw.cn/copyright/dbw_Dev.shtml,超过最大重试次数
http://manage.dbw.cn/copyright/dbw_Intr.shtml,超过最大重试次数
https://auto.dbw.cn/culture/mv,超过最大重试次数
https://auto.dbw.cn/culture/gzss,超过最大重试次数
https://auto.dbw.cn/maintain/wx,超过最大重试次数
https://auto.dbw.cn/maintain/yhxd,超过最大重试次数
https://auto.dbw.cn/jrcs,超过最大重试次数
https://auto.dbw.cn/tour,超过最大重试次数
https://auto.dbw.cn/manual/cx,超过最大重试次数
https://auto.dbw.cn/manual/csdg,超过最大重试次数
https://auto.dbw.cn/xcbg/xcxw,超过最大重试次数
https://auto.dbw.cn/xcbg/xctj,超过最大重试次数
https://auto.dbw.cn/dujia,超过最大重试次数
https://search.dbw.cn/m_fullsearch/full_search.jsp,超过最大重试次数
https://auto.dbw.cn/culture,超过最大重试次数
https://auto.dbw.cn/qchq,超过最大重试次数
https://auto.dbw.cn/maintain,超过最大重试次数
https://auto.dbw.cn/manual,超过最大重试次数
https://auto.dbw.cn/xcbg,超过最大重试次数
https://auto.dbw.cn/news,超过最大重试次数
https://zezx.dbw.cn/index.shtml,超过最大重试次数
https://finance.dbw.cn,超过最大重试次数
https://edu.dbw.cn,超过最大重试次数
https://qy.dbw.cn/index.shtml,超过最大重试次数
https://house.dbw.cn,超过最大重试次数
https://health.dbw.cn,超过最大重试次数
https://ms.dbw.cn,超过最大重试次数
https://special.dbw.cn,超过最大重试次数
https://entertainment.dbw.cn,超过最大重试次数
https://sports.dbw.cn,超过最大重试次数
https://legal.dbw.cn,超过最大重试次数
https://society.dbw.cn,超过最大重试次数
https://international.dbw.cn,超过最大重试次数
https://internal.dbw.cn,超过最大重试次数
https://bdh.dbw.cn,超过最大重试次数
https://lilun.dbw.cn,超过最大重试次数
https://dqnews.dbw.cn/index.shtml,超过最大重试次数
https://heilongjiang.dbw.cn/rc,超过最大重试次数
https://hljyj.dbw.cn/index.shtml,超过最大重试次数
https://special.dbw.cn/qmt/index.shtml,超过最大重试次数
https://lilun.dbw.cn/tbgz,超过最大重试次数
https://tv.dbw.cn,超过最大重试次数
https://lj.dbw.cn,超过最大重试次数
https://heilongjiang.dbw.cn,超过最大重试次数
https://bbs.dbw.cn/group-1197-1.html,超过最大重试次数
https://mail.dbw.cn,超过最大重试次数
https://wx.dbw.cn,超过最大重试次数
https://manage.dbw.cn/copyright/dbw_khd.shtml,超过最大重试次数
https://heihe.dbw.cn,超过最大重试次数
https://suihua.dbw.cn,超过最大重试次数
https://shuangyashan.dbw.cn,超过最大重试次数
https://story.dbw.cn,超过最大重试次数
https://sysrb.dbw.cn,超过最大重试次数
https://hhrb.dbw.cn,超过最大重试次数
https://ljktx.dbw.cn/ljtime/ljdis,超过最大重试次数
https://zy.dbw.cn,超过最大重试次数
https://palj.dbw.cn,超过最大重试次数
https://www.big5.dbw.cn,超过最大重试次数
https://hljxinwen.dbw.cn,超过最大重试次数
https://english.dbw.cn,超过最大重试次数
https://russian.dbw.cn,超过最大重试次数
https://ljktx.dbw.cn/lgdrmjz,超过最大重试次数
https://tour.dbw.cn,超过最大重试次数
https://ljktx.dbw.cn/zti/xwzt/index.shtml,超过最大重试次数
https://ljktx.dbw.cn/gjixw/index.shtml,超过最大重试次数
https://ljktx.dbw.cn/redjj/index.shtml,超过最大重试次数
https://ljktx.dbw.cn/wmlbo/index.shtml,超过最大重试次数
https://ljktx.dbw.cn/ljtime/kanlj/index.shtml,超过最大重试次数
https://ljktx.dbw.cn/index.shtml,超过最大重试次数
https://m.dbw.cn,超过最大重试次数